Program,Threads,CommandIndex,Command,Run,Output
minizseq,1,1,-r\ 0\ -C\ 0\ -q\ 1\ big_files,1,$'# elapsed time (sequential_miniz): 25.3372s\nExiting with Success'
minizseq,1,2,-r\ 0\ -D\ 1\ -q\ 1\ big_files,1,$'# elapsed time (sequential_miniz): 1.38223s\nExiting with Success'
minizseq,1,3,-r\ 0\ -C\ 0\ -q\ 1\ small_files,1,$'# elapsed time (sequential_miniz): 40.5519s\nExiting with Success'
minizseq,1,4,-r\ 0\ -D\ 1\ -q\ 1\ small_files,1,$'# elapsed time (sequential_miniz): 2.19402s\nExiting with Success'
minizseq,1,5,-r\ 1\ -C\ 0\ -q\ 1\ nested_files,1,$'# elapsed time (sequential_miniz): 23.7186s\nExiting with Success'
minizseq,1,6,-r\ 1\ -D\ 1\ -q\ 1\ nested_files,1,$'# elapsed time (sequential_miniz): 1.42377s\nExiting with Success'
minizseq,1,1,-r\ 0\ -C\ 0\ -q\ 1\ big_files,2,$'# elapsed time (sequential_miniz): 26.1423s\nExiting with Success'
minizseq,1,2,-r\ 0\ -D\ 1\ -q\ 1\ big_files,2,$'# elapsed time (sequential_miniz): 1.4369s\nExiting with Success'
minizseq,1,3,-r\ 0\ -C\ 0\ -q\ 1\ small_files,2,$'# elapsed time (sequential_miniz): 29.6642s\nExiting with Success'
minizseq,1,4,-r\ 0\ -D\ 1\ -q\ 1\ small_files,2,$'# elapsed time (sequential_miniz): 8.38279s\nExiting with Success'
minizseq,1,5,-r\ 1\ -C\ 0\ -q\ 1\ nested_files,2,$'# elapsed time (sequential_miniz): 26.0219s\nExiting with Success'
minizseq,1,6,-r\ 1\ -D\ 1\ -q\ 1\ nested_files,2,$'# elapsed time (sequential_miniz): 1.42663s\nExiting with Success'
minizseq,1,1,-r\ 0\ -C\ 0\ -q\ 1\ big_files,3,$'# elapsed time (sequential_miniz): 24.1653s\nExiting with Success'
minizseq,1,2,-r\ 0\ -D\ 1\ -q\ 1\ big_files,3,$'# elapsed time (sequential_miniz): 1.35174s\nExiting with Success'
minizseq,1,3,-r\ 0\ -C\ 0\ -q\ 1\ small_files,3,$'# elapsed time (sequential_miniz): 36.8985s\nExiting with Success'
minizseq,1,4,-r\ 0\ -D\ 1\ -q\ 1\ small_files,3,$'# elapsed time (sequential_miniz): 2.66705s\nExiting with Success'
minizseq,1,5,-r\ 1\ -C\ 0\ -q\ 1\ nested_files,3,$'# elapsed time (sequential_miniz): 23.2235s\nExiting with Success'
minizseq,1,6,-r\ 1\ -D\ 1\ -q\ 1\ nested_files,3,$'# elapsed time (sequential_miniz): 1.42452s\nExiting with Success'
minizseq,1,1,-r\ 0\ -C\ 0\ -q\ 1\ big_files,4,$'# elapsed time (sequential_miniz): 24.5368s\nExiting with Success'
minizseq,1,2,-r\ 0\ -D\ 1\ -q\ 1\ big_files,4,$'# elapsed time (sequential_miniz): 1.44471s\nExiting with Success'
minizseq,1,3,-r\ 0\ -C\ 0\ -q\ 1\ small_files,4,$'# elapsed time (sequential_miniz): 28.8855s\nExiting with Success'
minizseq,1,4,-r\ 0\ -D\ 1\ -q\ 1\ small_files,4,$'# elapsed time (sequential_miniz): 2.51843s\nExiting with Success'
minizseq,1,5,-r\ 1\ -C\ 0\ -q\ 1\ nested_files,4,$'# elapsed time (sequential_miniz): 29.531s\nExiting with Success'
minizseq,1,6,-r\ 1\ -D\ 1\ -q\ 1\ nested_files,4,$'# elapsed time (sequential_miniz): 1.38955s\nExiting with Success'
minizseq,1,1,-r\ 0\ -C\ 0\ -q\ 1\ big_files,5,$'# elapsed time (sequential_miniz): 24.0674s\nExiting with Success'
minizseq,1,2,-r\ 0\ -D\ 1\ -q\ 1\ big_files,5,$'# elapsed time (sequential_miniz): 1.81262s\nExiting with Success'
minizseq,1,3,-r\ 0\ -C\ 0\ -q\ 1\ small_files,5,$'# elapsed time (sequential_miniz): 45.3797s\nExiting with Success'
minizseq,1,4,-r\ 0\ -D\ 1\ -q\ 1\ small_files,5,$'# elapsed time (sequential_miniz): 5.36658s\nExiting with Success'
minizseq,1,5,-r\ 1\ -C\ 0\ -q\ 1\ nested_files,5,$'# elapsed time (sequential_miniz): 26.9798s\nExiting with Success'
minizseq,1,6,-r\ 1\ -D\ 1\ -q\ 1\ nested_files,5,$'# elapsed time (sequential_miniz): 8.48545s\nExiting with Success'
minizseq,1,1,-r\ 0\ -C\ 0\ -q\ 1\ big_files,6,$'# elapsed time (sequential_miniz): 22.4942s\nExiting with Success'
minizseq,1,2,-r\ 0\ -D\ 1\ -q\ 1\ big_files,6,$'# elapsed time (sequential_miniz): 2.55071s\nExiting with Success'
minizseq,1,3,-r\ 0\ -C\ 0\ -q\ 1\ small_files,6,$'# elapsed time (sequential_miniz): 27.4519s\nExiting with Success'
minizseq,1,4,-r\ 0\ -D\ 1\ -q\ 1\ small_files,6,$'# elapsed time (sequential_miniz): 5.62332s\nExiting with Success'
minizseq,1,5,-r\ 1\ -C\ 0\ -q\ 1\ nested_files,6,$'# elapsed time (sequential_miniz): 25.2507s\nExiting with Success'
minizseq,1,6,-r\ 1\ -D\ 1\ -q\ 1\ nested_files,6,$'# elapsed time (sequential_miniz): 2.08264s\nExiting with Success'
minizseq,1,1,-r\ 0\ -C\ 0\ -q\ 1\ big_files,7,$'# elapsed time (sequential_miniz): 23.5259s\nExiting with Success'
minizseq,1,2,-r\ 0\ -D\ 1\ -q\ 1\ big_files,7,$'# elapsed time (sequential_miniz): 1.45105s\nExiting with Success'
minizseq,1,3,-r\ 0\ -C\ 0\ -q\ 1\ small_files,7,$'# elapsed time (sequential_miniz): 66.8047s\nExiting with Success'
minizseq,1,4,-r\ 0\ -D\ 1\ -q\ 1\ small_files,7,$'# elapsed time (sequential_miniz): 5.20297s\nExiting with Success'
minizseq,1,5,-r\ 1\ -C\ 0\ -q\ 1\ nested_files,7,$'# elapsed time (sequential_miniz): 23.0846s\nExiting with Success'
minizseq,1,6,-r\ 1\ -D\ 1\ -q\ 1\ nested_files,7,$'# elapsed time (sequential_miniz): 1.36729s\nExiting with Success'
minizseq,1,1,-r\ 0\ -C\ 0\ -q\ 1\ big_files,8,$'# elapsed time (sequential_miniz): 23.2448s\nExiting with Success'
minizseq,1,2,-r\ 0\ -D\ 1\ -q\ 1\ big_files,8,$'# elapsed time (sequential_miniz): 1.35315s\nExiting with Success'
minizseq,1,3,-r\ 0\ -C\ 0\ -q\ 1\ small_files,8,$'# elapsed time (sequential_miniz): 35.1115s\nExiting with Success'
minizseq,1,4,-r\ 0\ -D\ 1\ -q\ 1\ small_files,8,$'# elapsed time (sequential_miniz): 4.27496s\nExiting with Success'
minizseq,1,5,-r\ 1\ -C\ 0\ -q\ 1\ nested_files,8,$'# elapsed time (sequential_miniz): 26.7846s\nExiting with Success'
minizseq,1,6,-r\ 1\ -D\ 1\ -q\ 1\ nested_files,8,$'# elapsed time (sequential_miniz): 10.2413s\nExiting with Success'
minizseq,1,1,-r\ 0\ -C\ 0\ -q\ 1\ big_files,9,$'# elapsed time (sequential_miniz): 23.2437s\nExiting with Success'
minizseq,1,2,-r\ 0\ -D\ 1\ -q\ 1\ big_files,9,$'# elapsed time (sequential_miniz): 1.44043s\nExiting with Success'
minizseq,1,3,-r\ 0\ -C\ 0\ -q\ 1\ small_files,9,$'# elapsed time (sequential_miniz): 27.349s\nExiting with Success'
minizseq,1,4,-r\ 0\ -D\ 1\ -q\ 1\ small_files,9,$'# elapsed time (sequential_miniz): 3.61287s\nExiting with Success'
minizseq,1,5,-r\ 1\ -C\ 0\ -q\ 1\ nested_files,9,$'# elapsed time (sequential_miniz): 24.6867s\nExiting with Success'
minizseq,1,6,-r\ 1\ -D\ 1\ -q\ 1\ nested_files,9,$'# elapsed time (sequential_miniz): 1.52366s\nExiting with Success'
minizseq,1,1,-r\ 0\ -C\ 0\ -q\ 1\ big_files,10,$'# elapsed time (sequential_miniz): 30.7429s\nExiting with Success'
minizseq,1,2,-r\ 0\ -D\ 1\ -q\ 1\ big_files,10,$'# elapsed time (sequential_miniz): 5.28173s\nExiting with Success'
minizseq,1,3,-r\ 0\ -C\ 0\ -q\ 1\ small_files,10,$'# elapsed time (sequential_miniz): 44.0719s\nExiting with Success'
minizseq,1,4,-r\ 0\ -D\ 1\ -q\ 1\ small_files,10,$'# elapsed time (sequential_miniz): 3.74501s\nExiting with Success'
minizseq,1,5,-r\ 1\ -C\ 0\ -q\ 1\ nested_files,10,$'# elapsed time (sequential_miniz): 22.5688s\nExiting with Success'
minizseq,1,6,-r\ 1\ -D\ 1\ -q\ 1\ nested_files,10,$'# elapsed time (sequential_miniz): 2.88329s\nExiting with Success'
minizpar,1,1,-r\ 0\ -C\ 0\ -q\ 1\ big_files,1,$'# elapsed time (parallel_miniz): 27.8584s\nExiting with Success'
minizpar,1,2,-r\ 0\ -D\ 1\ -q\ 1\ big_files,1,$'# elapsed time (parallel_miniz): 5.56199s\nExiting with Success'
minizpar,1,3,-r\ 0\ -C\ 0\ -q\ 1\ small_files,1,$'# elapsed time (parallel_miniz): 29.3425s\nExiting with Success'
minizpar,1,4,-r\ 0\ -D\ 1\ -q\ 1\ small_files,1,$'# elapsed time (parallel_miniz): 4.61487s\nExiting with Success'
minizpar,1,5,-r\ 1\ -C\ 0\ -q\ 1\ nested_files,1,$'# elapsed time (parallel_miniz): 22.5196s\nExiting with Success'
minizpar,1,6,-r\ 1\ -D\ 1\ -q\ 1\ nested_files,1,$'# elapsed time (parallel_miniz): 3.93129s\nExiting with Success'
minizpar,1,1,-r\ 0\ -C\ 0\ -q\ 1\ big_files,2,$'# elapsed time (parallel_miniz): 23.2858s\nExiting with Success'
minizpar,1,2,-r\ 0\ -D\ 1\ -q\ 1\ big_files,2,$'# elapsed time (parallel_miniz): 1.51761s\nExiting with Success'
minizpar,1,3,-r\ 0\ -C\ 0\ -q\ 1\ small_files,2,$'# elapsed time (parallel_miniz): 46.5898s\nExiting with Success'
minizpar,1,4,-r\ 0\ -D\ 1\ -q\ 1\ small_files,2,$'# elapsed time (parallel_miniz): 9.62916s\nExiting with Success'
minizpar,1,5,-r\ 1\ -C\ 0\ -q\ 1\ nested_files,2,$'# elapsed time (parallel_miniz): 23.6289s\nExiting with Success'
minizpar,1,6,-r\ 1\ -D\ 1\ -q\ 1\ nested_files,2,$'# elapsed time (parallel_miniz): 1.73999s\nExiting with Success'
minizpar,1,1,-r\ 0\ -C\ 0\ -q\ 1\ big_files,3,$'# elapsed time (parallel_miniz): 22.5136s\nExiting with Success'
minizpar,1,2,-r\ 0\ -D\ 1\ -q\ 1\ big_files,3,$'# elapsed time (parallel_miniz): 1.52759s\nExiting with Success'
minizpar,1,3,-r\ 0\ -C\ 0\ -q\ 1\ small_files,3,$'# elapsed time (parallel_miniz): 37.2311s\nExiting with Success'
minizpar,1,4,-r\ 0\ -D\ 1\ -q\ 1\ small_files,3,$'# elapsed time (parallel_miniz): 8.82589s\nExiting with Success'
minizpar,1,5,-r\ 1\ -C\ 0\ -q\ 1\ nested_files,3,$'# elapsed time (parallel_miniz): 23.2122s\nExiting with Success'
minizpar,1,6,-r\ 1\ -D\ 1\ -q\ 1\ nested_files,3,$'# elapsed time (parallel_miniz): 4.76194s\nExiting with Success'
minizpar,1,1,-r\ 0\ -C\ 0\ -q\ 1\ big_files,4,$'# elapsed time (parallel_miniz): 24.5334s\nExiting with Success'
minizpar,1,2,-r\ 0\ -D\ 1\ -q\ 1\ big_files,4,$'# elapsed time (parallel_miniz): 2.0575s\nExiting with Success'
minizpar,1,3,-r\ 0\ -C\ 0\ -q\ 1\ small_files,4,$'# elapsed time (parallel_miniz): 37.6407s\nExiting with Success'
minizpar,1,4,-r\ 0\ -D\ 1\ -q\ 1\ small_files,4,$'# elapsed time (parallel_miniz): 3.24755s\nExiting with Success'
minizpar,1,5,-r\ 1\ -C\ 0\ -q\ 1\ nested_files,4,$'# elapsed time (parallel_miniz): 23.9636s\nExiting with Success'
minizpar,1,6,-r\ 1\ -D\ 1\ -q\ 1\ nested_files,4,$'# elapsed time (parallel_miniz): 1.66155s\nExiting with Success'
minizpar,1,1,-r\ 0\ -C\ 0\ -q\ 1\ big_files,5,$'# elapsed time (parallel_miniz): 22.6499s\nExiting with Success'
minizpar,1,2,-r\ 0\ -D\ 1\ -q\ 1\ big_files,5,$'# elapsed time (parallel_miniz): 1.59816s\nExiting with Success'
minizpar,1,3,-r\ 0\ -C\ 0\ -q\ 1\ small_files,5,$'# elapsed time (parallel_miniz): 45.7231s\nExiting with Success'
minizpar,1,4,-r\ 0\ -D\ 1\ -q\ 1\ small_files,5,$'# elapsed time (parallel_miniz): 2.52421s\nExiting with Success'
minizpar,1,5,-r\ 1\ -C\ 0\ -q\ 1\ nested_files,5,$'# elapsed time (parallel_miniz): 25.3277s\nExiting with Success'
minizpar,1,6,-r\ 1\ -D\ 1\ -q\ 1\ nested_files,5,$'# elapsed time (parallel_miniz): 2.67474s\nExiting with Success'
minizpar,1,1,-r\ 0\ -C\ 0\ -q\ 1\ big_files,6,$'# elapsed time (parallel_miniz): 26.8547s\nExiting with Success'
minizpar,1,2,-r\ 0\ -D\ 1\ -q\ 1\ big_files,6,$'# elapsed time (parallel_miniz): 3.14944s\nExiting with Success'
minizpar,1,3,-r\ 0\ -C\ 0\ -q\ 1\ small_files,6,$'# elapsed time (parallel_miniz): 46.7759s\nExiting with Success'
minizpar,1,4,-r\ 0\ -D\ 1\ -q\ 1\ small_files,6,$'# elapsed time (parallel_miniz): 4.24564s\nExiting with Success'
minizpar,1,5,-r\ 1\ -C\ 0\ -q\ 1\ nested_files,6,$'# elapsed time (parallel_miniz): 23.5714s\nExiting with Success'
minizpar,1,6,-r\ 1\ -D\ 1\ -q\ 1\ nested_files,6,$'# elapsed time (parallel_miniz): 1.60263s\nExiting with Success'
minizpar,1,1,-r\ 0\ -C\ 0\ -q\ 1\ big_files,7,$'# elapsed time (parallel_miniz): 24.181s\nExiting with Success'
minizpar,1,2,-r\ 0\ -D\ 1\ -q\ 1\ big_files,7,$'# elapsed time (parallel_miniz): 1.63007s\nExiting with Success'
minizpar,1,3,-r\ 0\ -C\ 0\ -q\ 1\ small_files,7,$'# elapsed time (parallel_miniz): 31.2288s\nExiting with Success'
minizpar,1,4,-r\ 0\ -D\ 1\ -q\ 1\ small_files,7,$'# elapsed time (parallel_miniz): 8.8947s\nExiting with Success'
minizpar,1,5,-r\ 1\ -C\ 0\ -q\ 1\ nested_files,7,$'# elapsed time (parallel_miniz): 24.1857s\nExiting with Success'
minizpar,1,6,-r\ 1\ -D\ 1\ -q\ 1\ nested_files,7,$'# elapsed time (parallel_miniz): 4.42835s\nExiting with Success'
minizpar,1,1,-r\ 0\ -C\ 0\ -q\ 1\ big_files,8,$'# elapsed time (parallel_miniz): 24.0956s\nExiting with Success'
minizpar,1,2,-r\ 0\ -D\ 1\ -q\ 1\ big_files,8,$'# elapsed time (parallel_miniz): 2.59049s\nExiting with Success'
minizpar,1,3,-r\ 0\ -C\ 0\ -q\ 1\ small_files,8,$'# elapsed time (parallel_miniz): 49.5293s\nExiting with Success'
minizpar,1,4,-r\ 0\ -D\ 1\ -q\ 1\ small_files,8,$'# elapsed time (parallel_miniz): 5.35466s\nExiting with Success'
minizpar,1,5,-r\ 1\ -C\ 0\ -q\ 1\ nested_files,8,$'# elapsed time (parallel_miniz): 24.572s\nExiting with Success'
minizpar,1,6,-r\ 1\ -D\ 1\ -q\ 1\ nested_files,8,$'# elapsed time (parallel_miniz): 3.61866s\nExiting with Success'
minizpar,1,1,-r\ 0\ -C\ 0\ -q\ 1\ big_files,9,$'# elapsed time (parallel_miniz): 31.0075s\nExiting with Success'
minizpar,1,2,-r\ 0\ -D\ 1\ -q\ 1\ big_files,9,$'# elapsed time (parallel_miniz): 13.0639s\nExiting with Success'
minizpar,1,3,-r\ 0\ -C\ 0\ -q\ 1\ small_files,9,$'# elapsed time (parallel_miniz): 52.293s\nExiting with Success'
minizpar,1,4,-r\ 0\ -D\ 1\ -q\ 1\ small_files,9,$'# elapsed time (parallel_miniz): 7.83342s\nExiting with Success'
minizpar,1,5,-r\ 1\ -C\ 0\ -q\ 1\ nested_files,9,$'# elapsed time (parallel_miniz): 37.9022s\nExiting with Success'
minizpar,1,6,-r\ 1\ -D\ 1\ -q\ 1\ nested_files,9,$'# elapsed time (parallel_miniz): 6.2001s\nExiting with Success'
minizpar,1,1,-r\ 0\ -C\ 0\ -q\ 1\ big_files,10,$'# elapsed time (parallel_miniz): 32.7049s\nExiting with Success'
minizpar,1,2,-r\ 0\ -D\ 1\ -q\ 1\ big_files,10,$'# elapsed time (parallel_miniz): 9.1437s\nExiting with Success'
minizpar,1,3,-r\ 0\ -C\ 0\ -q\ 1\ small_files,10,$'# elapsed time (parallel_miniz): 101.778s\nExiting with Success'
minizpar,1,4,-r\ 0\ -D\ 1\ -q\ 1\ small_files,10,$'# elapsed time (parallel_miniz): 10.1939s\nExiting with Success'
minizpar,1,5,-r\ 1\ -C\ 0\ -q\ 1\ nested_files,10,$'# elapsed time (parallel_miniz): 38.0948s\nExiting with Success'
minizpar,1,6,-r\ 1\ -D\ 1\ -q\ 1\ nested_files,10,$'# elapsed time (parallel_miniz): 12.0669s\nExiting with Success'
minizpar,2,1,-r\ 0\ -C\ 0\ -q\ 1\ big_files,1,$'# elapsed time (parallel_miniz): 16.6815s\nExiting with Success'
minizpar,2,2,-r\ 0\ -D\ 1\ -q\ 1\ big_files,1,$'# elapsed time (parallel_miniz): 9.62541s\nExiting with Success'
minizpar,2,3,-r\ 0\ -C\ 0\ -q\ 1\ small_files,1,$'# elapsed time (parallel_miniz): 26.4501s\nExiting with Success'
minizpar,2,4,-r\ 0\ -D\ 1\ -q\ 1\ small_files,1,$'# elapsed time (parallel_miniz): 7.09716s\nExiting with Success'
minizpar,2,5,-r\ 1\ -C\ 0\ -q\ 1\ nested_files,1,$'# elapsed time (parallel_miniz): 16.5706s\nExiting with Success'
minizpar,2,6,-r\ 1\ -D\ 1\ -q\ 1\ nested_files,1,$'# elapsed time (parallel_miniz): 1.18289s\nExiting with Success'
minizpar,2,1,-r\ 0\ -C\ 0\ -q\ 1\ big_files,2,$'# elapsed time (parallel_miniz): 16.0025s\nExiting with Success'
minizpar,2,2,-r\ 0\ -D\ 1\ -q\ 1\ big_files,2,$'# elapsed time (parallel_miniz): 2.7405s\nExiting with Success'
minizpar,2,3,-r\ 0\ -C\ 0\ -q\ 1\ small_files,2,$'# elapsed time (parallel_miniz): 29.2575s\nExiting with Success'
minizpar,2,4,-r\ 0\ -D\ 1\ -q\ 1\ small_files,2,$'# elapsed time (parallel_miniz): 9.27555s\nExiting with Success'
minizpar,2,5,-r\ 1\ -C\ 0\ -q\ 1\ nested_files,2,$'# elapsed time (parallel_miniz): 18.9913s\nExiting with Success'
minizpar,2,6,-r\ 1\ -D\ 1\ -q\ 1\ nested_files,2,$'# elapsed time (parallel_miniz): 1.64857s\nExiting with Success'
minizpar,2,1,-r\ 0\ -C\ 0\ -q\ 1\ big_files,3,$'# elapsed time (parallel_miniz): 15.1383s\nExiting with Success'
minizpar,2,2,-r\ 0\ -D\ 1\ -q\ 1\ big_files,3,$'# elapsed time (parallel_miniz): 2.32338s\nExiting with Success'
minizpar,2,3,-r\ 0\ -C\ 0\ -q\ 1\ small_files,3,$'# elapsed time (parallel_miniz): 28.9195s\nExiting with Success'
minizpar,2,4,-r\ 0\ -D\ 1\ -q\ 1\ small_files,3,$'# elapsed time (parallel_miniz): 2.93116s\nExiting with Success'
minizpar,2,5,-r\ 1\ -C\ 0\ -q\ 1\ nested_files,3,$'# elapsed time (parallel_miniz): 19.0099s\nExiting with Success'
minizpar,2,6,-r\ 1\ -D\ 1\ -q\ 1\ nested_files,3,$'# elapsed time (parallel_miniz): 3.68359s\nExiting with Success'
minizpar,2,1,-r\ 0\ -C\ 0\ -q\ 1\ big_files,4,$'# elapsed time (parallel_miniz): 15.2146s\nExiting with Success'
minizpar,2,2,-r\ 0\ -D\ 1\ -q\ 1\ big_files,4,$'# elapsed time (parallel_miniz): 11.8752s\nExiting with Success'
minizpar,2,3,-r\ 0\ -C\ 0\ -q\ 1\ small_files,4,$'# elapsed time (parallel_miniz): 29.6804s\nExiting with Success'
minizpar,2,4,-r\ 0\ -D\ 1\ -q\ 1\ small_files,4,$'# elapsed time (parallel_miniz): 7.88008s\nExiting with Success'
minizpar,2,5,-r\ 1\ -C\ 0\ -q\ 1\ nested_files,4,$'# elapsed time (parallel_miniz): 18.9893s\nExiting with Success'
minizpar,2,6,-r\ 1\ -D\ 1\ -q\ 1\ nested_files,4,$'# elapsed time (parallel_miniz): 2.00956s\nExiting with Success'
minizpar,2,1,-r\ 0\ -C\ 0\ -q\ 1\ big_files,5,$'# elapsed time (parallel_miniz): 12.5208s\nExiting with Success'
minizpar,2,2,-r\ 0\ -D\ 1\ -q\ 1\ big_files,5,$'# elapsed time (parallel_miniz): 1.07615s\nExiting with Success'
minizpar,2,3,-r\ 0\ -C\ 0\ -q\ 1\ small_files,5,$'# elapsed time (parallel_miniz): 28.1695s\nExiting with Success'
minizpar,2,4,-r\ 0\ -D\ 1\ -q\ 1\ small_files,5,$'# elapsed time (parallel_miniz): 9.96609s\nExiting with Success'
minizpar,2,5,-r\ 1\ -C\ 0\ -q\ 1\ nested_files,5,$'# elapsed time (parallel_miniz): 16.9283s\nExiting with Success'
minizpar,2,6,-r\ 1\ -D\ 1\ -q\ 1\ nested_files,5,$'# elapsed time (parallel_miniz): 1.27936s\nExiting with Success'
minizpar,2,1,-r\ 0\ -C\ 0\ -q\ 1\ big_files,6,$'# elapsed time (parallel_miniz): 20.7817s\nExiting with Success'
minizpar,2,2,-r\ 0\ -D\ 1\ -q\ 1\ big_files,6,$'# elapsed time (parallel_miniz): 5.02313s\nExiting with Success'
minizpar,2,3,-r\ 0\ -C\ 0\ -q\ 1\ small_files,6,$'# elapsed time (parallel_miniz): 29.8956s\nExiting with Success'
minizpar,2,4,-r\ 0\ -D\ 1\ -q\ 1\ small_files,6,$'# elapsed time (parallel_miniz): 2.22878s\nExiting with Success'
minizpar,2,5,-r\ 1\ -C\ 0\ -q\ 1\ nested_files,6,$'# elapsed time (parallel_miniz): 18.3458s\nExiting with Success'
minizpar,2,6,-r\ 1\ -D\ 1\ -q\ 1\ nested_files,6,$'# elapsed time (parallel_miniz): 5.54874s\nExiting with Success'
minizpar,2,1,-r\ 0\ -C\ 0\ -q\ 1\ big_files,7,$'# elapsed time (parallel_miniz): 15.3281s\nExiting with Success'
minizpar,2,2,-r\ 0\ -D\ 1\ -q\ 1\ big_files,7,$'# elapsed time (parallel_miniz): 8.86559s\nExiting with Success'
minizpar,2,3,-r\ 0\ -C\ 0\ -q\ 1\ small_files,7,$'# elapsed time (parallel_miniz): 27.626s\nExiting with Success'
minizpar,2,4,-r\ 0\ -D\ 1\ -q\ 1\ small_files,7,$'# elapsed time (parallel_miniz): 3.5202s\nExiting with Success'
minizpar,2,5,-r\ 1\ -C\ 0\ -q\ 1\ nested_files,7,$'# elapsed time (parallel_miniz): 15.1971s\nExiting with Success'
minizpar,2,6,-r\ 1\ -D\ 1\ -q\ 1\ nested_files,7,$'# elapsed time (parallel_miniz): 3.7253s\nExiting with Success'
minizpar,2,1,-r\ 0\ -C\ 0\ -q\ 1\ big_files,8,$'# elapsed time (parallel_miniz): 14.9681s\nExiting with Success'
minizpar,2,2,-r\ 0\ -D\ 1\ -q\ 1\ big_files,8,$'# elapsed time (parallel_miniz): 3.8382s\nExiting with Success'
minizpar,2,3,-r\ 0\ -C\ 0\ -q\ 1\ small_files,8,$'# elapsed time (parallel_miniz): 29.9437s\nExiting with Success'
minizpar,2,4,-r\ 0\ -D\ 1\ -q\ 1\ small_files,8,$'# elapsed time (parallel_miniz): 2.2144s\nExiting with Success'
minizpar,2,5,-r\ 1\ -C\ 0\ -q\ 1\ nested_files,8,$'# elapsed time (parallel_miniz): 20.3031s\nExiting with Success'
minizpar,2,6,-r\ 1\ -D\ 1\ -q\ 1\ nested_files,8,$'# elapsed time (parallel_miniz): 2.46794s\nExiting with Success'
minizpar,2,1,-r\ 0\ -C\ 0\ -q\ 1\ big_files,9,$'# elapsed time (parallel_miniz): 17.1606s\nExiting with Success'
minizpar,2,2,-r\ 0\ -D\ 1\ -q\ 1\ big_files,9,$'# elapsed time (parallel_miniz): 2.16014s\nExiting with Success'
minizpar,2,3,-r\ 0\ -C\ 0\ -q\ 1\ small_files,9,$'# elapsed time (parallel_miniz): 31.2052s\nExiting with Success'
minizpar,2,4,-r\ 0\ -D\ 1\ -q\ 1\ small_files,9,$'# elapsed time (parallel_miniz): 1.5809s\nExiting with Success'
minizpar,2,5,-r\ 1\ -C\ 0\ -q\ 1\ nested_files,9,$'# elapsed time (parallel_miniz): 18.45s\nExiting with Success'
minizpar,2,6,-r\ 1\ -D\ 1\ -q\ 1\ nested_files,9,$'# elapsed time (parallel_miniz): 1.689s\nExiting with Success'
minizpar,2,1,-r\ 0\ -C\ 0\ -q\ 1\ big_files,10,$'# elapsed time (parallel_miniz): 17.8266s\nExiting with Success'
minizpar,2,2,-r\ 0\ -D\ 1\ -q\ 1\ big_files,10,$'# elapsed time (parallel_miniz): 1.5738s\nExiting with Success'
minizpar,2,3,-r\ 0\ -C\ 0\ -q\ 1\ small_files,10,$'# elapsed time (parallel_miniz): 26.6691s\nExiting with Success'
minizpar,2,4,-r\ 0\ -D\ 1\ -q\ 1\ small_files,10,$'# elapsed time (parallel_miniz): 2.701s\nExiting with Success'
minizpar,2,5,-r\ 1\ -C\ 0\ -q\ 1\ nested_files,10,$'# elapsed time (parallel_miniz): 14.1288s\nExiting with Success'
minizpar,2,6,-r\ 1\ -D\ 1\ -q\ 1\ nested_files,10,$'# elapsed time (parallel_miniz): 1.72619s\nExiting with Success'
minizpar,4,1,-r\ 0\ -C\ 0\ -q\ 1\ big_files,1,$'# elapsed time (parallel_miniz): 9.34584s\nExiting with Success'
minizpar,4,2,-r\ 0\ -D\ 1\ -q\ 1\ big_files,1,$'# elapsed time (parallel_miniz): 0.977443s\nExiting with Success'
minizpar,4,3,-r\ 0\ -C\ 0\ -q\ 1\ small_files,1,$'# elapsed time (parallel_miniz): 21.7883s\nExiting with Success'
minizpar,4,4,-r\ 0\ -D\ 1\ -q\ 1\ small_files,1,$'# elapsed time (parallel_miniz): 6.3376s\nExiting with Success'
minizpar,4,5,-r\ 1\ -C\ 0\ -q\ 1\ nested_files,1,$'# elapsed time (parallel_miniz): 12.3581s\nExiting with Success'
minizpar,4,6,-r\ 1\ -D\ 1\ -q\ 1\ nested_files,1,$'# elapsed time (parallel_miniz): 2.20986s\nExiting with Success'
minizpar,4,1,-r\ 0\ -C\ 0\ -q\ 1\ big_files,2,$'# elapsed time (parallel_miniz): 14.5765s\nExiting with Success'
minizpar,4,2,-r\ 0\ -D\ 1\ -q\ 1\ big_files,2,$'# elapsed time (parallel_miniz): 2.54518s\nExiting with Success'
minizpar,4,3,-r\ 0\ -C\ 0\ -q\ 1\ small_files,2,$'# elapsed time (parallel_miniz): 22.7165s\nExiting with Success'
minizpar,4,4,-r\ 0\ -D\ 1\ -q\ 1\ small_files,2,$'# elapsed time (parallel_miniz): 2.5778s\nExiting with Success'
minizpar,4,5,-r\ 1\ -C\ 0\ -q\ 1\ nested_files,2,$'# elapsed time (parallel_miniz): 12.4613s\nExiting with Success'
minizpar,4,6,-r\ 1\ -D\ 1\ -q\ 1\ nested_files,2,$'# elapsed time (parallel_miniz): 4.45466s\nExiting with Success'
minizpar,4,1,-r\ 0\ -C\ 0\ -q\ 1\ big_files,3,$'# elapsed time (parallel_miniz): 10.3914s\nExiting with Success'
minizpar,4,2,-r\ 0\ -D\ 1\ -q\ 1\ big_files,3,$'# elapsed time (parallel_miniz): 1.62026s\nExiting with Success'
minizpar,4,3,-r\ 0\ -C\ 0\ -q\ 1\ small_files,3,$'# elapsed time (parallel_miniz): 17.7803s\nExiting with Success'
minizpar,4,4,-r\ 0\ -D\ 1\ -q\ 1\ small_files,3,$'# elapsed time (parallel_miniz): 3.77304s\nExiting with Success'
minizpar,4,5,-r\ 1\ -C\ 0\ -q\ 1\ nested_files,3,$'# elapsed time (parallel_miniz): 9.49289s\nExiting with Success'
minizpar,4,6,-r\ 1\ -D\ 1\ -q\ 1\ nested_files,3,$'# elapsed time (parallel_miniz): 1.0534s\nExiting with Success'
minizpar,4,1,-r\ 0\ -C\ 0\ -q\ 1\ big_files,4,$'# elapsed time (parallel_miniz): 8.77787s\nExiting with Success'
minizpar,4,2,-r\ 0\ -D\ 1\ -q\ 1\ big_files,4,$'# elapsed time (parallel_miniz): 1.04165s\nExiting with Success'
minizpar,4,3,-r\ 0\ -C\ 0\ -q\ 1\ small_files,4,$'# elapsed time (parallel_miniz): 14.7294s\nExiting with Success'
minizpar,4,4,-r\ 0\ -D\ 1\ -q\ 1\ small_files,4,$'# elapsed time (parallel_miniz): 2.54338s\nExiting with Success'
minizpar,4,5,-r\ 1\ -C\ 0\ -q\ 1\ nested_files,4,$'# elapsed time (parallel_miniz): 12.2327s\nExiting with Success'
minizpar,4,6,-r\ 1\ -D\ 1\ -q\ 1\ nested_files,4,$'# elapsed time (parallel_miniz): 0.878759s\nExiting with Success'
minizpar,4,1,-r\ 0\ -C\ 0\ -q\ 1\ big_files,5,$'# elapsed time (parallel_miniz): 9.9447s\nExiting with Success'
minizpar,4,2,-r\ 0\ -D\ 1\ -q\ 1\ big_files,5,$'# elapsed time (parallel_miniz): 0.824872s\nExiting with Success'
minizpar,4,3,-r\ 0\ -C\ 0\ -q\ 1\ small_files,5,$'# elapsed time (parallel_miniz): 14.5663s\nExiting with Success'
minizpar,4,4,-r\ 0\ -D\ 1\ -q\ 1\ small_files,5,$'# elapsed time (parallel_miniz): 1.56916s\nExiting with Success'
minizpar,4,5,-r\ 1\ -C\ 0\ -q\ 1\ nested_files,5,$'# elapsed time (parallel_miniz): 12.6449s\nExiting with Success'
minizpar,4,6,-r\ 1\ -D\ 1\ -q\ 1\ nested_files,5,$'# elapsed time (parallel_miniz): 0.855445s\nExiting with Success'
minizpar,4,1,-r\ 0\ -C\ 0\ -q\ 1\ big_files,6,$'# elapsed time (parallel_miniz): 10.9444s\nExiting with Success'
minizpar,4,2,-r\ 0\ -D\ 1\ -q\ 1\ big_files,6,$'# elapsed time (parallel_miniz): 0.830338s\nExiting with Success'
minizpar,4,3,-r\ 0\ -C\ 0\ -q\ 1\ small_files,6,$'# elapsed time (parallel_miniz): 19.9016s\nExiting with Success'
minizpar,4,4,-r\ 0\ -D\ 1\ -q\ 1\ small_files,6,$'# elapsed time (parallel_miniz): 1.32504s\nExiting with Success'
minizpar,4,5,-r\ 1\ -C\ 0\ -q\ 1\ nested_files,6,$'# elapsed time (parallel_miniz): 13.2873s\nExiting with Success'
minizpar,4,6,-r\ 1\ -D\ 1\ -q\ 1\ nested_files,6,$'# elapsed time (parallel_miniz): 1.24435s\nExiting with Success'
minizpar,4,1,-r\ 0\ -C\ 0\ -q\ 1\ big_files,7,$'# elapsed time (parallel_miniz): 10.6997s\nExiting with Success'
minizpar,4,2,-r\ 0\ -D\ 1\ -q\ 1\ big_files,7,$'# elapsed time (parallel_miniz): 1.02082s\nExiting with Success'
minizpar,4,3,-r\ 0\ -C\ 0\ -q\ 1\ small_files,7,$'# elapsed time (parallel_miniz): 16.8649s\nExiting with Success'
minizpar,4,4,-r\ 0\ -D\ 1\ -q\ 1\ small_files,7,$'# elapsed time (parallel_miniz): 0.941586s\nExiting with Success'
minizpar,4,5,-r\ 1\ -C\ 0\ -q\ 1\ nested_files,7,$'# elapsed time (parallel_miniz): 13.0883s\nExiting with Success'
minizpar,4,6,-r\ 1\ -D\ 1\ -q\ 1\ nested_files,7,$'# elapsed time (parallel_miniz): 1.13727s\nExiting with Success'
minizpar,4,1,-r\ 0\ -C\ 0\ -q\ 1\ big_files,8,$'# elapsed time (parallel_miniz): 8.02737s\nExiting with Success'
minizpar,4,2,-r\ 0\ -D\ 1\ -q\ 1\ big_files,8,$'# elapsed time (parallel_miniz): 1.06696s\nExiting with Success'
minizpar,4,3,-r\ 0\ -C\ 0\ -q\ 1\ small_files,8,$'# elapsed time (parallel_miniz): 18.6316s\nExiting with Success'
minizpar,4,4,-r\ 0\ -D\ 1\ -q\ 1\ small_files,8,$'# elapsed time (parallel_miniz): 2.52155s\nExiting with Success'
minizpar,4,5,-r\ 1\ -C\ 0\ -q\ 1\ nested_files,8,$'# elapsed time (parallel_miniz): 9.2861s\nExiting with Success'
minizpar,4,6,-r\ 1\ -D\ 1\ -q\ 1\ nested_files,8,$'# elapsed time (parallel_miniz): 0.943097s\nExiting with Success'
minizpar,4,1,-r\ 0\ -C\ 0\ -q\ 1\ big_files,9,$'# elapsed time (parallel_miniz): 8.1299s\nExiting with Success'
minizpar,4,2,-r\ 0\ -D\ 1\ -q\ 1\ big_files,9,$'# elapsed time (parallel_miniz): 0.860953s\nExiting with Success'
minizpar,4,3,-r\ 0\ -C\ 0\ -q\ 1\ small_files,9,$'# elapsed time (parallel_miniz): 18.279s\nExiting with Success'
minizpar,4,4,-r\ 0\ -D\ 1\ -q\ 1\ small_files,9,$'# elapsed time (parallel_miniz): 1.70361s\nExiting with Success'
minizpar,4,5,-r\ 1\ -C\ 0\ -q\ 1\ nested_files,9,$'# elapsed time (parallel_miniz): 8.25721s\nExiting with Success'
minizpar,4,6,-r\ 1\ -D\ 1\ -q\ 1\ nested_files,9,$'# elapsed time (parallel_miniz): 0.827658s\nExiting with Success'
minizpar,4,1,-r\ 0\ -C\ 0\ -q\ 1\ big_files,10,$'# elapsed time (parallel_miniz): 8.44124s\nExiting with Success'
minizpar,4,2,-r\ 0\ -D\ 1\ -q\ 1\ big_files,10,$'# elapsed time (parallel_miniz): 0.830726s\nExiting with Success'
minizpar,4,3,-r\ 0\ -C\ 0\ -q\ 1\ small_files,10,$'# elapsed time (parallel_miniz): 14.3908s\nExiting with Success'
minizpar,4,4,-r\ 0\ -D\ 1\ -q\ 1\ small_files,10,$'# elapsed time (parallel_miniz): 2.52083s\nExiting with Success'
minizpar,4,5,-r\ 1\ -C\ 0\ -q\ 1\ nested_files,10,$'# elapsed time (parallel_miniz): 8.36661s\nExiting with Success'
minizpar,4,6,-r\ 1\ -D\ 1\ -q\ 1\ nested_files,10,$'# elapsed time (parallel_miniz): 2.03894s\nExiting with Success'
minizpar,8,1,-r\ 0\ -C\ 0\ -q\ 1\ big_files,1,$'# elapsed time (parallel_miniz): 7.50782s\nExiting with Success'
minizpar,8,2,-r\ 0\ -D\ 1\ -q\ 1\ big_files,1,$'# elapsed time (parallel_miniz): 0.821886s\nExiting with Success'
minizpar,8,3,-r\ 0\ -C\ 0\ -q\ 1\ small_files,1,$'# elapsed time (parallel_miniz): 11.2195s\nExiting with Success'
minizpar,8,4,-r\ 0\ -D\ 1\ -q\ 1\ small_files,1,$'# elapsed time (parallel_miniz): 2.32547s\nExiting with Success'
minizpar,8,5,-r\ 1\ -C\ 0\ -q\ 1\ nested_files,1,$'# elapsed time (parallel_miniz): 9.80984s\nExiting with Success'
minizpar,8,6,-r\ 1\ -D\ 1\ -q\ 1\ nested_files,1,$'# elapsed time (parallel_miniz): 1.86582s\nExiting with Success'
minizpar,8,1,-r\ 0\ -C\ 0\ -q\ 1\ big_files,2,$'# elapsed time (parallel_miniz): 8.37488s\nExiting with Success'
minizpar,8,2,-r\ 0\ -D\ 1\ -q\ 1\ big_files,2,$'# elapsed time (parallel_miniz): 0.84712s\nExiting with Success'
minizpar,8,3,-r\ 0\ -C\ 0\ -q\ 1\ small_files,2,$'# elapsed time (parallel_miniz): 15.7773s\nExiting with Success'
minizpar,8,4,-r\ 0\ -D\ 1\ -q\ 1\ small_files,2,$'# elapsed time (parallel_miniz): 3.68062s\nExiting with Success'
minizpar,8,5,-r\ 1\ -C\ 0\ -q\ 1\ nested_files,2,$'# elapsed time (parallel_miniz): 10.31272s\nExiting with Success'
minizpar,8,6,-r\ 1\ -D\ 1\ -q\ 1\ nested_files,2,$'# elapsed time (parallel_miniz): 3.27927s\nExiting with Success'
minizpar,8,1,-r\ 0\ -C\ 0\ -q\ 1\ big_files,3,$'# elapsed time (parallel_miniz): 5.92341s\nExiting with Success'
minizpar,8,2,-r\ 0\ -D\ 1\ -q\ 1\ big_files,3,$'# elapsed time (parallel_miniz): 0.914541s\nExiting with Success'
minizpar,8,3,-r\ 0\ -C\ 0\ -q\ 1\ small_files,3,$'# elapsed time (parallel_miniz): 15.452s\nExiting with Success'
minizpar,8,4,-r\ 0\ -D\ 1\ -q\ 1\ small_files,3,$'# elapsed time (parallel_miniz): 4.60057s\nExiting with Success'
minizpar,8,5,-r\ 1\ -C\ 0\ -q\ 1\ nested_files,3,$'# elapsed time (parallel_miniz): 8.25819s\nExiting with Success'
minizpar,8,6,-r\ 1\ -D\ 1\ -q\ 1\ nested_files,3,$'# elapsed time (parallel_miniz): 1.04539s\nExiting with Success'
minizpar,8,1,-r\ 0\ -C\ 0\ -q\ 1\ big_files,4,$'# elapsed time (parallel_miniz): 6.75125s\nExiting with Success'
minizpar,8,2,-r\ 0\ -D\ 1\ -q\ 1\ big_files,4,$'# elapsed time (parallel_miniz): 1.29511s\nExiting with Success'
minizpar,8,3,-r\ 0\ -C\ 0\ -q\ 1\ small_files,4,$'# elapsed time (parallel_miniz): 15.6484s\nExiting with Success'
minizpar,8,4,-r\ 0\ -D\ 1\ -q\ 1\ small_files,4,$'# elapsed time (parallel_miniz): 3.77381s\nExiting with Success'
minizpar,8,5,-r\ 1\ -C\ 0\ -q\ 1\ nested_files,4,$'# elapsed time (parallel_miniz): 9.3265s\nExiting with Success'
minizpar,8,6,-r\ 1\ -D\ 1\ -q\ 1\ nested_files,4,$'# elapsed time (parallel_miniz): 0.822483s\nExiting with Success'
minizpar,8,1,-r\ 0\ -C\ 0\ -q\ 1\ big_files,5,$'# elapsed time (parallel_miniz): 7.28885s\nExiting with Success'
minizpar,8,2,-r\ 0\ -D\ 1\ -q\ 1\ big_files,5,$'# elapsed time (parallel_miniz): 0.821755s\nExiting with Success'
minizpar,8,3,-r\ 0\ -C\ 0\ -q\ 1\ small_files,5,$'# elapsed time (parallel_miniz): 8.83431s\nExiting with Success'
minizpar,8,4,-r\ 0\ -D\ 1\ -q\ 1\ small_files,5,$'# elapsed time (parallel_miniz): 1.8295s\nExiting with Success'
minizpar,8,5,-r\ 1\ -C\ 0\ -q\ 1\ nested_files,5,$'# elapsed time (parallel_miniz): 8.13655s\nExiting with Success'
minizpar,8,6,-r\ 1\ -D\ 1\ -q\ 1\ nested_files,5,$'# elapsed time (parallel_miniz): 3.37041s\nExiting with Success'
minizpar,8,1,-r\ 0\ -C\ 0\ -q\ 1\ big_files,6,$'# elapsed time (parallel_miniz): 7.98164s\nExiting with Success'
minizpar,8,2,-r\ 0\ -D\ 1\ -q\ 1\ big_files,6,$'# elapsed time (parallel_miniz): 0.858693s\nExiting with Success'
minizpar,8,3,-r\ 0\ -C\ 0\ -q\ 1\ small_files,6,$'# elapsed time (parallel_miniz): 11.0263s\nExiting with Success'
minizpar,8,4,-r\ 0\ -D\ 1\ -q\ 1\ small_files,6,$'# elapsed time (parallel_miniz): 2.26705s\nExiting with Success'
minizpar,8,5,-r\ 1\ -C\ 0\ -q\ 1\ nested_files,6,$'# elapsed time (parallel_miniz): 8.80645s\nExiting with Success'
minizpar,8,6,-r\ 1\ -D\ 1\ -q\ 1\ nested_files,6,$'# elapsed time (parallel_miniz): 2.58993s\nExiting with Success'
minizpar,8,1,-r\ 0\ -C\ 0\ -q\ 1\ big_files,7,$'# elapsed time (parallel_miniz): 7.71087s\nExiting with Success'
minizpar,8,2,-r\ 0\ -D\ 1\ -q\ 1\ big_files,7,$'# elapsed time (parallel_miniz): 0.855711s\nExiting with Success'
minizpar,8,3,-r\ 0\ -C\ 0\ -q\ 1\ small_files,7,$'# elapsed time (parallel_miniz): 11.5264s\nExiting with Success'
minizpar,8,4,-r\ 0\ -D\ 1\ -q\ 1\ small_files,7,$'# elapsed time (parallel_miniz): 1.75652s\nExiting with Success'
minizpar,8,5,-r\ 1\ -C\ 0\ -q\ 1\ nested_files,7,$'# elapsed time (parallel_miniz): 8.95686s\nExiting with Success'
minizpar,8,6,-r\ 1\ -D\ 1\ -q\ 1\ nested_files,7,$'# elapsed time (parallel_miniz): 3.31521s\nExiting with Success'
minizpar,8,1,-r\ 0\ -C\ 0\ -q\ 1\ big_files,8,$'# elapsed time (parallel_miniz): 5.25251s\nExiting with Success'
minizpar,8,2,-r\ 0\ -D\ 1\ -q\ 1\ big_files,8,$'# elapsed time (parallel_miniz): 0.819234s\nExiting with Success'
minizpar,8,3,-r\ 0\ -C\ 0\ -q\ 1\ small_files,8,$'# elapsed time (parallel_miniz): 10.048s\nExiting with Success'
minizpar,8,4,-r\ 0\ -D\ 1\ -q\ 1\ small_files,8,$'# elapsed time (parallel_miniz): 3.18371s\nExiting with Success'
minizpar,8,5,-r\ 1\ -C\ 0\ -q\ 1\ nested_files,8,$'# elapsed time (parallel_miniz): 9.018s\nExiting with Success'
minizpar,8,6,-r\ 1\ -D\ 1\ -q\ 1\ nested_files,8,$'# elapsed time (parallel_miniz): 0.82943s\nExiting with Success'
minizpar,8,1,-r\ 0\ -C\ 0\ -q\ 1\ big_files,9,$'# elapsed time (parallel_miniz): 8.5824s\nExiting with Success'
minizpar,8,2,-r\ 0\ -D\ 1\ -q\ 1\ big_files,9,$'# elapsed time (parallel_miniz): 0.955689s\nExiting with Success'
minizpar,8,3,-r\ 0\ -C\ 0\ -q\ 1\ small_files,9,$'# elapsed time (parallel_miniz): 10.8711s\nExiting with Success'
minizpar,8,4,-r\ 0\ -D\ 1\ -q\ 1\ small_files,9,$'# elapsed time (parallel_miniz): 3.10924s\nExiting with Success'
minizpar,8,5,-r\ 1\ -C\ 0\ -q\ 1\ nested_files,9,$'# elapsed time (parallel_miniz): 7.56625s\nExiting with Success'
minizpar,8,6,-r\ 1\ -D\ 1\ -q\ 1\ nested_files,9,$'# elapsed time (parallel_miniz): 0.818929s\nExiting with Success'
minizpar,8,1,-r\ 0\ -C\ 0\ -q\ 1\ big_files,10,$'# elapsed time (parallel_miniz): 7.87202s\nExiting with Success'
minizpar,8,2,-r\ 0\ -D\ 1\ -q\ 1\ big_files,10,$'# elapsed time (parallel_miniz): 0.861431s\nExiting with Success'
minizpar,8,3,-r\ 0\ -C\ 0\ -q\ 1\ small_files,10,$'# elapsed time (parallel_miniz): 12.039s\nExiting with Success'
minizpar,8,4,-r\ 0\ -D\ 1\ -q\ 1\ small_files,10,$'# elapsed time (parallel_miniz): 4.02388s\nExiting with Success'
minizpar,8,5,-r\ 1\ -C\ 0\ -q\ 1\ nested_files,10,$'# elapsed time (parallel_miniz): 7.25646s\nExiting with Success'
minizpar,8,6,-r\ 1\ -D\ 1\ -q\ 1\ nested_files,10,$'# elapsed time (parallel_miniz): 3.47698s\nExiting with Success'
minizpar,16,1,-r\ 0\ -C\ 0\ -q\ 1\ big_files,1,$'# elapsed time (parallel_miniz): 5.20519s\nExiting with Success'
minizpar,16,2,-r\ 0\ -D\ 1\ -q\ 1\ big_files,1,$'# elapsed time (parallel_miniz): 1.42636s\nExiting with Success'
minizpar,16,3,-r\ 0\ -C\ 0\ -q\ 1\ small_files,1,$'# elapsed time (parallel_miniz): 11.5284s\nExiting with Success'
minizpar,16,4,-r\ 0\ -D\ 1\ -q\ 1\ small_files,1,$'# elapsed time (parallel_miniz): 2.98095s\nExiting with Success'
minizpar,16,5,-r\ 1\ -C\ 0\ -q\ 1\ nested_files,1,$'# elapsed time (parallel_miniz): 4.26391s\nExiting with Success'
minizpar,16,6,-r\ 1\ -D\ 1\ -q\ 1\ nested_files,1,$'# elapsed time (parallel_miniz): 0.913467s\nExiting with Success'
minizpar,16,1,-r\ 0\ -C\ 0\ -q\ 1\ big_files,2,$'# elapsed time (parallel_miniz): 4.8534s\nExiting with Success'
minizpar,16,2,-r\ 0\ -D\ 1\ -q\ 1\ big_files,2,$'# elapsed time (parallel_miniz): 1.22453s\nExiting with Success'
minizpar,16,3,-r\ 0\ -C\ 0\ -q\ 1\ small_files,2,$'# elapsed time (parallel_miniz): 11.9443s\nExiting with Success'
minizpar,16,4,-r\ 0\ -D\ 1\ -q\ 1\ small_files,2,$'# elapsed time (parallel_miniz): 2.12551s\nExiting with Success'
minizpar,16,5,-r\ 1\ -C\ 0\ -q\ 1\ nested_files,2,$'# elapsed time (parallel_miniz): 6.13753s\nExiting with Success'
minizpar,16,6,-r\ 1\ -D\ 1\ -q\ 1\ nested_files,2,$'# elapsed time (parallel_miniz): 1.137s\nExiting with Success'
minizpar,16,1,-r\ 0\ -C\ 0\ -q\ 1\ big_files,3,$'# elapsed time (parallel_miniz): 4.65193s\nExiting with Success'
minizpar,16,2,-r\ 0\ -D\ 1\ -q\ 1\ big_files,3,$'# elapsed time (parallel_miniz): 0.914577s\nExiting with Success'
minizpar,16,3,-r\ 0\ -C\ 0\ -q\ 1\ small_files,3,$'# elapsed time (parallel_miniz): 9.5288s\nExiting with Success'
minizpar,16,4,-r\ 0\ -D\ 1\ -q\ 1\ small_files,3,$'# elapsed time (parallel_miniz): 1.58953s\nExiting with Success'
minizpar,16,5,-r\ 1\ -C\ 0\ -q\ 1\ nested_files,3,$'# elapsed time (parallel_miniz): 6.7297s\nExiting with Success'
minizpar,16,6,-r\ 1\ -D\ 1\ -q\ 1\ nested_files,3,$'# elapsed time (parallel_miniz): 1.45673s\nExiting with Success'
minizpar,16,1,-r\ 0\ -C\ 0\ -q\ 1\ big_files,4,$'# elapsed time (parallel_miniz): 5.62634s\nExiting with Success'
minizpar,16,2,-r\ 0\ -D\ 1\ -q\ 1\ big_files,4,$'# elapsed time (parallel_miniz): 1.69949s\nExiting with Success'
minizpar,16,3,-r\ 0\ -C\ 0\ -q\ 1\ small_files,4,$'# elapsed time (parallel_miniz): 8.1465s\nExiting with Success'
minizpar,16,4,-r\ 0\ -D\ 1\ -q\ 1\ small_files,4,$'# elapsed time (parallel_miniz): 1.52629s\nExiting with Success'
minizpar,16,5,-r\ 1\ -C\ 0\ -q\ 1\ nested_files,4,$'# elapsed time (parallel_miniz): 9.41693s\nExiting with Success'
minizpar,16,6,-r\ 1\ -D\ 1\ -q\ 1\ nested_files,4,$'# elapsed time (parallel_miniz): 0.784453s\nExiting with Success'
minizpar,16,1,-r\ 0\ -C\ 0\ -q\ 1\ big_files,5,$'# elapsed time (parallel_miniz): 5.68859s\nExiting with Success'
minizpar,16,2,-r\ 0\ -D\ 1\ -q\ 1\ big_files,5,$'# elapsed time (parallel_miniz): 0.878362s\nExiting with Success'
minizpar,16,3,-r\ 0\ -C\ 0\ -q\ 1\ small_files,5,$'# elapsed time (parallel_miniz): 11.8865s\nExiting with Success'
minizpar,16,4,-r\ 0\ -D\ 1\ -q\ 1\ small_files,5,$'# elapsed time (parallel_miniz): 1.5776s\nExiting with Success'
minizpar,16,5,-r\ 1\ -C\ 0\ -q\ 1\ nested_files,5,$'# elapsed time (parallel_miniz): 4.45109s\nExiting with Success'
minizpar,16,6,-r\ 1\ -D\ 1\ -q\ 1\ nested_files,5,$'# elapsed time (parallel_miniz): 2.95964s\nExiting with Success'
minizpar,16,1,-r\ 0\ -C\ 0\ -q\ 1\ big_files,6,$'# elapsed time (parallel_miniz): 5.93544s\nExiting with Success'
minizpar,16,2,-r\ 0\ -D\ 1\ -q\ 1\ big_files,6,$'# elapsed time (parallel_miniz): 2.04476s\nExiting with Success'
minizpar,16,3,-r\ 0\ -C\ 0\ -q\ 1\ small_files,6,$'# elapsed time (parallel_miniz): 10.6303s\nExiting with Success'
minizpar,16,4,-r\ 0\ -D\ 1\ -q\ 1\ small_files,6,$'# elapsed time (parallel_miniz): 1.88098s\nExiting with Success'
minizpar,16,5,-r\ 1\ -C\ 0\ -q\ 1\ nested_files,6,$'# elapsed time (parallel_miniz): 8.38449s\nExiting with Success'
minizpar,16,6,-r\ 1\ -D\ 1\ -q\ 1\ nested_files,6,$'# elapsed time (parallel_miniz): 1.20428s\nExiting with Success'
minizpar,16,1,-r\ 0\ -C\ 0\ -q\ 1\ big_files,7,$'# elapsed time (parallel_miniz): 6.00045s\nExiting with Success'
minizpar,16,2,-r\ 0\ -D\ 1\ -q\ 1\ big_files,7,$'# elapsed time (parallel_miniz): 0.842972s\nExiting with Success'
minizpar,16,3,-r\ 0\ -C\ 0\ -q\ 1\ small_files,7,$'# elapsed time (parallel_miniz): 8.2856s\nExiting with Success'
minizpar,16,4,-r\ 0\ -D\ 1\ -q\ 1\ small_files,7,$'# elapsed time (parallel_miniz): 1.2087s\nExiting with Success'
minizpar,16,5,-r\ 1\ -C\ 0\ -q\ 1\ nested_files,7,$'# elapsed time (parallel_miniz): 7.44786s\nExiting with Success'
minizpar,16,6,-r\ 1\ -D\ 1\ -q\ 1\ nested_files,7,$'# elapsed time (parallel_miniz): 2.59991s\nExiting with Success'
minizpar,16,1,-r\ 0\ -C\ 0\ -q\ 1\ big_files,8,$'# elapsed time (parallel_miniz): 6.1654s\nExiting with Success'
minizpar,16,2,-r\ 0\ -D\ 1\ -q\ 1\ big_files,8,$'# elapsed time (parallel_miniz): 1.40566s\nExiting with Success'
minizpar,16,3,-r\ 0\ -C\ 0\ -q\ 1\ small_files,8,$'# elapsed time (parallel_miniz): 9.2998s\nExiting with Success'
minizpar,16,4,-r\ 0\ -D\ 1\ -q\ 1\ small_files,8,$'# elapsed time (parallel_miniz): 2.42285s\nExiting with Success'
minizpar,16,5,-r\ 1\ -C\ 0\ -q\ 1\ nested_files,8,$'# elapsed time (parallel_miniz): 7.5862s\nExiting with Success'
minizpar,16,6,-r\ 1\ -D\ 1\ -q\ 1\ nested_files,8,$'# elapsed time (parallel_miniz): 5.05187s\nExiting with Success'
minizpar,16,1,-r\ 0\ -C\ 0\ -q\ 1\ big_files,9,$'# elapsed time (parallel_miniz): 5.42322s\nExiting with Success'
minizpar,16,2,-r\ 0\ -D\ 1\ -q\ 1\ big_files,9,$'# elapsed time (parallel_miniz): 0.831522s\nExiting with Success'
minizpar,16,3,-r\ 0\ -C\ 0\ -q\ 1\ small_files,9,$'# elapsed time (parallel_miniz): 8.1332s\nExiting with Success'
minizpar,16,4,-r\ 0\ -D\ 1\ -q\ 1\ small_files,9,$'# elapsed time (parallel_miniz): 3.40059s\nExiting with Success'
minizpar,16,5,-r\ 1\ -C\ 0\ -q\ 1\ nested_files,9,$'# elapsed time (parallel_miniz): 8.5532s\nExiting with Success'
minizpar,16,6,-r\ 1\ -D\ 1\ -q\ 1\ nested_files,9,$'# elapsed time (parallel_miniz): 1.65568s\nExiting with Success'
minizpar,16,1,-r\ 0\ -C\ 0\ -q\ 1\ big_files,10,$'# elapsed time (parallel_miniz): 6.73379s\nExiting with Success'
minizpar,16,2,-r\ 0\ -D\ 1\ -q\ 1\ big_files,10,$'# elapsed time (parallel_miniz): 1.55088s\nExiting with Success'
minizpar,16,3,-r\ 0\ -C\ 0\ -q\ 1\ small_files,10,$'# elapsed time (parallel_miniz): 8.4129s\nExiting with Success'
minizpar,16,4,-r\ 0\ -D\ 1\ -q\ 1\ small_files,10,$'# elapsed time (parallel_miniz): 1.2697s\nExiting with Success'
minizpar,16,5,-r\ 1\ -C\ 0\ -q\ 1\ nested_files,10,$'# elapsed time (parallel_miniz): 4.53229s\nExiting with Success'
minizpar,16,6,-r\ 1\ -D\ 1\ -q\ 1\ nested_files,10,$'# elapsed time (parallel_miniz): 0.896028s\nExiting with Success'
minizpar,32,1,-r\ 0\ -C\ 0\ -q\ 1\ big_files,1,$'# elapsed time (parallel_miniz): 4.25248s\nExiting with Success'
minizpar,32,2,-r\ 0\ -D\ 1\ -q\ 1\ big_files,1,$'# elapsed time (parallel_miniz): 0.82993s\nExiting with Success'
minizpar,32,3,-r\ 0\ -C\ 0\ -q\ 1\ small_files,1,$'# elapsed time (parallel_miniz): 5.8899s\nExiting with Success'
minizpar,32,4,-r\ 0\ -D\ 1\ -q\ 1\ small_files,1,$'# elapsed time (parallel_miniz): 0.89703s\nExiting with Success'
minizpar,32,5,-r\ 1\ -C\ 0\ -q\ 1\ nested_files,1,$'# elapsed time (parallel_miniz): 5.49362s\nExiting with Success'
minizpar,32,6,-r\ 1\ -D\ 1\ -q\ 1\ nested_files,1,$'# elapsed time (parallel_miniz): 0.790672s\nExiting with Success'
minizpar,32,1,-r\ 0\ -C\ 0\ -q\ 1\ big_files,2,$'# elapsed time (parallel_miniz): 3.53967s\nExiting with Success'
minizpar,32,2,-r\ 0\ -D\ 1\ -q\ 1\ big_files,2,$'# elapsed time (parallel_miniz): 0.73333s\nExiting with Success'
minizpar,32,3,-r\ 0\ -C\ 0\ -q\ 1\ small_files,2,$'# elapsed time (parallel_miniz): 5.6319s\nExiting with Success'
minizpar,32,4,-r\ 0\ -D\ 1\ -q\ 1\ small_files,2,$'# elapsed time (parallel_miniz): 1.203921s\nExiting with Success'
minizpar,32,5,-r\ 1\ -C\ 0\ -q\ 1\ nested_files,2,$'# elapsed time (parallel_miniz): 4.89844s\nExiting with Success'
minizpar,32,6,-r\ 1\ -D\ 1\ -q\ 1\ nested_files,2,$'# elapsed time (parallel_miniz): 0.819658s\nExiting with Success'
minizpar,32,1,-r\ 0\ -C\ 0\ -q\ 1\ big_files,3,$'# elapsed time (parallel_miniz): 4.48653s\nExiting with Success'
minizpar,32,2,-r\ 0\ -D\ 1\ -q\ 1\ big_files,3,$'# elapsed time (parallel_miniz): 0.931424s\nExiting with Success'
minizpar,32,3,-r\ 0\ -C\ 0\ -q\ 1\ small_files,3,$'# elapsed time (parallel_miniz): 5.4559s\nExiting with Success'
minizpar,32,4,-r\ 0\ -D\ 1\ -q\ 1\ small_files,3,$'# elapsed time (parallel_miniz): 0.88145s\nExiting with Success'
minizpar,32,5,-r\ 1\ -C\ 0\ -q\ 1\ nested_files,3,$'# elapsed time (parallel_miniz): 4.2128s\nExiting with Success'
minizpar,32,6,-r\ 1\ -D\ 1\ -q\ 1\ nested_files,3,$'# elapsed time (parallel_miniz): 0.910985s\nExiting with Success'
minizpar,32,1,-r\ 0\ -C\ 0\ -q\ 1\ big_files,4,$'# elapsed time (parallel_miniz): 3.66258s\nExiting with Success'
minizpar,32,2,-r\ 0\ -D\ 1\ -q\ 1\ big_files,4,$'# elapsed time (parallel_miniz): 0.98076s\nExiting with Success'
minizpar,32,3,-r\ 0\ -C\ 0\ -q\ 1\ small_files,4,$'# elapsed time (parallel_miniz): 5.9991s\nExiting with Success'
minizpar,32,4,-r\ 0\ -D\ 1\ -q\ 1\ small_files,4,$'# elapsed time (parallel_miniz): 0.96085s\nExiting with Success'
minizpar,32,5,-r\ 1\ -C\ 0\ -q\ 1\ nested_files,4,$'# elapsed time (parallel_miniz): 4.30572s\nExiting with Success'
minizpar,32,6,-r\ 1\ -D\ 1\ -q\ 1\ nested_files,4,$'# elapsed time (parallel_miniz): 0.979566s\nExiting with Success'
minizpar,32,1,-r\ 0\ -C\ 0\ -q\ 1\ big_files,5,$'# elapsed time (parallel_miniz): 3.90963s\nExiting with Success'
minizpar,32,2,-r\ 0\ -D\ 1\ -q\ 1\ big_files,5,$'# elapsed time (parallel_miniz): 0.873606s\nExiting with Success'
minizpar,32,3,-r\ 0\ -C\ 0\ -q\ 1\ small_files,5,$'# elapsed time (parallel_miniz): 6.6107s\nExiting with Success'
minizpar,32,4,-r\ 0\ -D\ 1\ -q\ 1\ small_files,5,$'# elapsed time (parallel_miniz): 1.18025s\nExiting with Success'
minizpar,32,5,-r\ 1\ -C\ 0\ -q\ 1\ nested_files,5,$'# elapsed time (parallel_miniz): 4.40355s\nExiting with Success'
minizpar,32,6,-r\ 1\ -D\ 1\ -q\ 1\ nested_files,5,$'# elapsed time (parallel_miniz): 1.00761s\nExiting with Success'
minizpar,32,1,-r\ 0\ -C\ 0\ -q\ 1\ big_files,6,$'# elapsed time (parallel_miniz): 3.54903s\nExiting with Success'
minizpar,32,2,-r\ 0\ -D\ 1\ -q\ 1\ big_files,6,$'# elapsed time (parallel_miniz): 1.01854s\nExiting with Success'
minizpar,32,3,-r\ 0\ -C\ 0\ -q\ 1\ small_files,6,$'# elapsed time (parallel_miniz): 5.3658s\nExiting with Success'
minizpar,32,4,-r\ 0\ -D\ 1\ -q\ 1\ small_files,6,$'# elapsed time (parallel_miniz): 0.90947s\nExiting with Success'
minizpar,32,5,-r\ 1\ -C\ 0\ -q\ 1\ nested_files,6,$'# elapsed time (parallel_miniz): 2.99773s\nExiting with Success'
minizpar,32,6,-r\ 1\ -D\ 1\ -q\ 1\ nested_files,6,$'# elapsed time (parallel_miniz): 0.74826s\nExiting with Success'
minizpar,32,1,-r\ 0\ -C\ 0\ -q\ 1\ big_files,7,$'# elapsed time (parallel_miniz): 2.81164s\nExiting with Success'
minizpar,32,2,-r\ 0\ -D\ 1\ -q\ 1\ big_files,7,$'# elapsed time (parallel_miniz): 1.53107s\nExiting with Success'
minizpar,32,3,-r\ 0\ -C\ 0\ -q\ 1\ small_files,7,$'# elapsed time (parallel_miniz): 6.9197s\nExiting with Success'
minizpar,32,4,-r\ 0\ -D\ 1\ -q\ 1\ small_files,7,$'# elapsed time (parallel_miniz): 1.23007s\nExiting with Success'
minizpar,32,5,-r\ 1\ -C\ 0\ -q\ 1\ nested_files,7,$'# elapsed time (parallel_miniz): 4.56809s\nExiting with Success'
minizpar,32,6,-r\ 1\ -D\ 1\ -q\ 1\ nested_files,7,$'# elapsed time (parallel_miniz): 0.800539s\nExiting with Success'
minizpar,32,1,-r\ 0\ -C\ 0\ -q\ 1\ big_files,8,$'# elapsed time (parallel_miniz): 5.63371s\nExiting with Success'
minizpar,32,2,-r\ 0\ -D\ 1\ -q\ 1\ big_files,8,$'# elapsed time (parallel_miniz): 0.75183s\nExiting with Success'
minizpar,32,3,-r\ 0\ -C\ 0\ -q\ 1\ small_files,8,$'# elapsed time (parallel_miniz): 6.0449s\nExiting with Success'
minizpar,32,4,-r\ 0\ -D\ 1\ -q\ 1\ small_files,8,$'# elapsed time (parallel_miniz): 0.91759s\nExiting with Success'
minizpar,32,5,-r\ 1\ -C\ 0\ -q\ 1\ nested_files,8,$'# elapsed time (parallel_miniz): 4.00055s\nExiting with Success'
minizpar,32,6,-r\ 1\ -D\ 1\ -q\ 1\ nested_files,8,$'# elapsed time (parallel_miniz): 0.24113s\nExiting with Success'
minizpar,32,1,-r\ 0\ -C\ 0\ -q\ 1\ big_files,9,$'# elapsed time (parallel_miniz): 3.79693s\nExiting with Success'
minizpar,32,2,-r\ 0\ -D\ 1\ -q\ 1\ big_files,9,$'# elapsed time (parallel_miniz): 0.83925s\nExiting with Success'
minizpar,32,3,-r\ 0\ -C\ 0\ -q\ 1\ small_files,9,$'# elapsed time (parallel_miniz): 5.8647s\nExiting with Success'
minizpar,32,4,-r\ 0\ -D\ 1\ -q\ 1\ small_files,9,$'# elapsed time (parallel_miniz): 1.15347s\nExiting with Success'
minizpar,32,5,-r\ 1\ -C\ 0\ -q\ 1\ nested_files,9,$'# elapsed time (parallel_miniz): 4.70142s\nExiting with Success'
minizpar,32,6,-r\ 1\ -D\ 1\ -q\ 1\ nested_files,9,$'# elapsed time (parallel_miniz): 0.856087s\nExiting with Success'
minizpar,32,1,-r\ 0\ -C\ 0\ -q\ 1\ big_files,10,$'# elapsed time (parallel_miniz): 3.55955s\nExiting with Success'
minizpar,32,2,-r\ 0\ -D\ 1\ -q\ 1\ big_files,10,$'# elapsed time (parallel_miniz): 0.85509s\nExiting with Success'
minizpar,32,3,-r\ 0\ -C\ 0\ -q\ 1\ small_files,10,$'# elapsed time (parallel_miniz): 5.4799s\nExiting with Success'
minizpar,32,4,-r\ 0\ -D\ 1\ -q\ 1\ small_files,10,$'# elapsed time (parallel_miniz): 1.28695s\nExiting with Success'
minizpar,32,5,-r\ 1\ -C\ 0\ -q\ 1\ nested_files,10,$'# elapsed time (parallel_miniz): 4.11314s\nExiting with Success'
minizpar,32,6,-r\ 1\ -D\ 1\ -q\ 1\ nested_files,10,$'# elapsed time (parallel_miniz): 0.90516s\nExiting with Success'
